originale;version_web;largeur;hauteur
AbbeGriveMap1740.jpg;abbe-de-la-grive-1740.jpg;1600;1150
AusterlitzMap2-12-1805.jpg;austerlitz-1805.jpg;960;719
BDForetV2Nancy.png;nancy-bd-foret.png;980;734
BDhaie_Nancy.png;nancy-bd-haie.png;1016;728
CAMIGN.jpg;camera-ign.jpg;454;328
CadastreBedolina-Italie duNord-anterieur_a_l_ecriture.jpg;bedolina.jpg;960;718
CarteCassiniNancy.png;nancy-cassini.jpg;996;730
CarteIndochine.png;indochine.jpg;1177;1570
CassiniMap1780.png;cassini-paris-1780.jpg;960;720
Cosmogony-MondePerse.jpg;cosmogonie-perse.jpg;435;574
CratesGlobe.png;globe-crates.png;600;600
English_School_-_The_world_according_to_Hecataeus_published_by_John_Murray_-_(MeisterDrucke-90450).jpg;hecatee.jpg;1203;1260
EtatMajorCassini.png;nancy-etat-major.jpg;943;733
Howthinktheworld as spherical.png;cartes-antiques.png;514;720
Islesdetailcarteindochine.png;indochine-detail-iles.jpg;823;1097
LambertZones.png;lambert-zones.jpg;1600;1022
Manuscritwithallidade.jpg;manuscrit-alidade.jpg;1600;1179
MaryCassat-pointeseches.jpg;cassatt-la-lecon.jpg;1480;1019
OrbisTerrarium_TOmap.jpg;carte-t-o.jpg;979;979
PeutingerTable.png;peutinger.jpg;720;286
Photoaerienne.png;photo-aerienne.jpg;406;347
Planchette1.jpg;planchette-gravure.jpg;407;573
Planchette2.png;planchette-terrain.jpg;533;426
Planisphère d’al-Idrisi-1456copy.png;al-idrisi.jpg;564;563
Portulans1540.png;portulan-1540.jpg;954;720
Projectionfromgeotoplan.png;projection-geo-plan.png;1600;708
SchemaAcquisitionSpot.png;schema-acquisition-spot.jpg;801;636
Spot.jpg;egmont-depuis-orbite.jpg;720;480
Theodolite.jpg;theodolite.jpg;633;507
Top25_Nancy.png;nancy-top25.jpg;987;736
Topoarabie.jpg;topographe-terrain.jpg;417;313
Tour_geodésique.jpg;tour-geodesique.jpg;880;1247
canevas-azimutal.png;canevas-azimutal.png;125;157
canevas-conique.png;canevas-conique.png;151;262
canevas-cylindrique.png;canevas-cylindrique.png;151;262
coord-geographiques.png;coord-geographiques.png;350;333
ellipsoidelocauxvsglobal.png;ellipsoides-local-global.png;1338;895
geoide-carte.jpg;geoide-carte.jpg;527;568
geoide-echelle.jpg;geoide-echelle.jpg;89;251
geoide-profil.png;geoide-profil.png;610;260
globe.png;globe.png;325;308
lambert93.jpg;lambert93.jpg;589;494
mercator-1595.jpg;mercator-1595.jpg;896;718
proj-mercator.jpg;proj-mercator.jpg;773;599
proj-peters.jpg;proj-peters.jpg;632;399
projection-principe.png;projection-principe.png;700;310
tablette-babylone_Irak, 7eme Siècle avant JC – British museum.jpg;tablette-babylone.jpg;401;556
Anglo-French_survey_of_1784-1790.jpg;triangulation-greenwich-paris.jpg;1600;822
itiner-e.png;itiner-e.jpg;1230;549
